{"Error": {"MSE": 3.7604103553271584e-06, "RMSE": 0.0019391777523804152}}