{"Error": 
    {
        "Question 1(Image A with Original One)": 0.0019751314396779375, 
        "Question 2(Image B with Original One)": 0.001960864509028005, 
        "Question 3(Image C with Original One)": 0.005812080176837235
    }
}